id,class_name,teacher_name,start_time,end_time,zoom_meeting_id,session,date,start,end
8e8410b9-3a19-473c-94d9-ae5b2034c920,6기 기초,,2026-05-09T00:30:00+00:00,2026-05-09T02:30:00+00:00,854 4946 3436,6기 기초,2026-05-09,00:30,02:30
8cd762e4-66b6-4e03-9f1a-2ae7c29c0a72,6기 기초,,2026-05-16T00:30:00+00:00,2026-05-16T02:30:00+00:00,854 4946 3436,6기 기초,2026-05-16,00:30,02:30
b414eb15-84a2-4132-9dd0-0b7432c71fdc,6기 기초,,2026-05-23T00:30:00+00:00,2026-05-23T02:30:00+00:00,854 4946 3436,6기 기초,2026-05-23,00:30,02:30
64a9274c-5c17-4d6c-b1da-fe42a6c8817c,6기 기초,,2026-05-30T00:30:00+00:00,2026-05-30T02:30:00+00:00,854 4946 3436,6기 기초,2026-05-30,00:30,02:30
f275ea28-384b-4f97-b0c0-a75d441501e1,5기 심화,,2026-05-09T00:30:00+00:00,2026-05-09T02:30:00+00:00,854 4946 3436,5기 심화,2026-05-09,00:30,02:30
d9dc6f1b-ad8f-4aab-acbe-4d24328cc3d6,5기 심화,,2026-05-16T00:30:00+00:00,2026-05-16T02:30:00+00:00,854 4946 3436,5기 심화,2026-05-16,00:30,02:30
b9a20954-b076-4f79-a94f-148c6346cae9,5기 심화,,2026-05-23T00:30:00+00:00,2026-05-23T02:30:00+00:00,854 4946 3436,5기 심화,2026-05-23,00:30,02:30
7be47df3-da38-4f65-94e7-6018351adac4,5기 심화,,2026-05-30T00:30:00+00:00,2026-05-30T02:30:00+00:00,854 4946 3436,5기 심화,2026-05-30,00:30,02:30
b7419257-1ced-435c-b904-fc8f960f2b41,잼S & 로블록스 4기 기초 1회차,임시교사,2026-04-04T01:00:00+00:00,2026-04-04T03:00:00+00:00,,잼S & 로블록스 4기 기초 1회차,2026-04-04,01:00,03:00
eec43216-a495-4d52-b550-fe192a69a56e,잼S & 로블록스 4기 기초 2회차,임시교사,2026-04-11T01:00:00+00:00,2026-04-11T03:00:00+00:00,,잼S & 로블록스 4기 기초 2회차,2026-04-11,01:00,03:00
dba6255e-5ae5-48d3-89fd-dc5783b0dcda,잼S & 로블록스 4기 기초 3회차,임시교사,2026-04-18T01:00:00+00:00,2026-04-18T03:00:00+00:00,,잼S & 로블록스 4기 기초 3회차,2026-04-18,01:00,03:00
a6835ae7-349b-4870-8fa1-01eac39081fb,잼S & 로블록스 4기 기초 4회차,임시교사,2026-04-25T01:00:00+00:00,2026-04-25T03:00:00+00:00,,잼S & 로블록스 4기 기초 4회차,2026-04-25,01:00,03:00
c6c16564-d45a-42b5-b57c-eac2f60ebe83,잼S & 로블록스 7기 기초,전윤애,2026-06-20T00:30:00+00:00,2026-06-20T02:30:00+00:00,85449463436,잼S & 로블록스 7기 기초,2026-06-20,00:30,02:30
9ae3e4b5-2f73-4736-86c2-9e22f332c537,잼S & 로블록스 7기 기초,임상희,2026-06-13T00:30:00+00:00,2026-06-13T02:30:00+00:00,85449463436,잼S & 로블록스 7기 기초,2026-06-13,00:30,02:30
36629173-24a1-4a41-ad03-974da1a769e3,잼S & 로블록스 7기 기초,임상희,2026-06-27T00:30:00+00:00,2026-06-27T02:30:00+00:00,85449463436,잼S & 로블록스 7기 기초,2026-06-27,00:30,02:30
5eaf0961-9f8d-465a-a192-600ed768a57b,잼S & 로블록스 7기 기초,임상희,2026-07-04T00:30:00+00:00,2026-07-04T02:30:00+00:00,85449463436,잼S & 로블록스 7기 기초,2026-07-04,00:30,02:30
909b79d1-d330-4e5b-87c5-15d93542d065,9기 기초 1회차,성창경,2026-10-10T00:30:00+00:00,2026-10-10T02:30:00+00:00,85449463436,9기 기초 1회차,2026-10-10,00:30,02:30
a6a786e2-1331-4f78-a6ab-1cb8ea9a4e80,9기 기초 2회차,성창경,2026-10-17T00:30:00+00:00,2026-10-17T02:30:00+00:00,85449463436,9기 기초 2회차,2026-10-17,00:30,02:30
96a24508-90b5-4979-8994-19077822e221,9기 기초 3회차,성창경,2026-10-24T00:30:00+00:00,2026-10-24T02:30:00+00:00,85449463436,9기 기초 3회차,2026-10-24,00:30,02:30
4e96e1c1-142e-49fa-b5cf-05f7370ecd47,9기 기초 4회차,성창경,2026-10-31T00:30:00+00:00,2026-10-31T02:30:00+00:00,85449463436,9기 기초 4회차,2026-10-31,00:30,02:30
